,count,mean,std,min,25%,50%,75%,max
id_Entry,355410.0,185389.5,102598.17392380821,7685.0,96537.25,185389.5,274241.75,363094.0
number,355410.0,60.518181818181816,33.76763062010856,2.0,31.0,61.5,90.0,117.0
bike_stands,355410.0,32.18181818181818,7.650538752109547,16.0,29.0,30.0,40.0,40.0
available_bike_stands,355410.0,20.249658141301595,10.792019651863546,0.0,12.0,20.0,29.0,40.0
available_bikes,355410.0,11.84214569089221,9.58329393442729,0.0,4.0,10.0,18.0,40.0
